feature	metadata	value	coef	stderr	N	N.not.0	pval	qval
PWY.7383..anaerobic.energy.metabolism..invertebrates..cytosol.	Timepoint	treatment	3.38033254996509e-05	7.4779874722642e-06	12	12	6.2677981344366e-06	0.00244444127243027
HSERMETANA.PWY..L.methionine.biosynthesis.III	Timepoint	treatment	3.55788192445954e-05	8.76783851889616e-06	12	12	7.54398223178278e-05	0.0147107653519764
DENOVOPURINE2.PWY..superpathway.of.purine.nucleotides.de.novo.biosynthesis.II	Timepoint	treatment	3.24881538524398e-05	8.62752916018711e-06	12	12	0.00021900908182634	0.0284711806374241
P42.PWY..incomplete.reductive.TCA.cycle	Timepoint	treatment	2.08249942109308e-05	6.47886082447175e-06	12	12	0.00157265226994093	0.153333596319241
PWY.7539..6.hydroxymethyl.dihydropterin.diphosphate.biosynthesis.III..Chlamydia.	Timepoint	treatment	1.8173329551126e-05	6.46263246916241e-06	12	12	0.0055511165287441	0.43298708924204
UNMAPPED	Timepoint	treatment	0.0130095085633509	0.0100447969363268	12	12	0.251842533521546	0.999595934705555
UNINTEGRATED	Timepoint	treatment	-0.0144198217698011	0.00927503784078241	12	12	0.180737654179736	0.999595934705555
X1CMET2.PWY..N10.formyl.tetrahydrofolate.biosynthesis	Timepoint	treatment	5.43865924109493e-06	2.8294705150845e-05	12	12	0.855136858564048	0.999595934705555
X3.HYDROXYPHENYLACETATE.DEGRADATION.PWY..4.hydroxyphenylacetate.degradation	Timepoint	treatment	-4.83333173608417e-07	4.03490147421862e-07	12	2	0.822812937791681	0.999595934705555
X7ALPHADEHYDROX.PWY..cholate.degradation..bacteria..anaerobic.	Timepoint	treatment	1.16667064675806e-07	3.84123478498609e-07	12	3	0.925685198976405	0.999595934705555
AEROBACTINSYN.PWY..aerobactin.biosynthesis	Timepoint	treatment	1.613333303164e-07	1.613333303164e-07	12	1	0.945437500655058	0.999595934705555
ALL.CHORISMATE.PWY..superpathway.of.chorismate.metabolism	Timepoint	treatment	1.1399998431167e-06	7.8680776160519e-07	12	2	0.64530468292016	0.999595934705555
ALLANTOINDEG.PWY..superpathway.of.allantoin.degradation.in.yeast	Timepoint	treatment	3.949999926135e-08	3.94999990383719e-08	12	1	0.99292599990789	0.999595934705555
ANAEROFRUCAT.PWY..homolactic.fermentation	Timepoint	treatment	5.46284902438472e-05	3.42686210971925e-05	12	12	0.171790273078013	0.999595934705555
ANAGLYCOLYSIS.PWY..glycolysis.III..from.glucose.	Timepoint	treatment	1.87243247450995e-05	1.82862094802154e-05	12	12	0.352816701947472	0.999595934705555
ARG.POLYAMINE.SYN..superpathway.of.arginine.and.polyamine.biosynthesis	Timepoint	treatment	-7.5640251836825e-06	1.60145008702276e-05	12	12	0.656592000237398	0.999595934705555
ARGDEG.PWY..superpathway.of.L.arginine..putrescine..and.4.aminobutanoate.degradation	Timepoint	treatment	-4.72166529776745e-07	3.68091349247147e-07	12	2	0.834834461834329	0.999595934705555
ARGININE.SYN4.PWY..L.ornithine.de.novo..biosynthesis	Timepoint	treatment	1.52249939776349e-05	8.57004831797518e-06	12	12	0.0770790389345514	0.999595934705555
ARGORNPROST.PWY..arginine..ornithine.and.proline.interconversion	Timepoint	treatment	5.62333091765602e-07	4.78876865769766e-07	12	3	0.790819847177877	0.999595934705555
ARGSYN.PWY..L.arginine.biosynthesis.I..via.L.ornithine.	Timepoint	treatment	-2.72546582795695e-05	2.33006706805408e-05	12	12	0.294842869051042	0.999595934705555
ARGSYNBSUB.PWY..L.arginine.biosynthesis.II..acetyl.cycle.	Timepoint	treatment	-1.88409937037333e-05	1.56604473175318e-05	12	12	0.282793526035818	0.999595934705555
ARO.PWY..chorismate.biosynthesis.I	Timepoint	treatment	-9.45249505346689e-06	4.24724587126349e-05	12	12	0.832686767936515	0.999595934705555
ASPASN.PWY..superpathway.of.L.aspartate.and.L.asparagine.biosynthesis	Timepoint	treatment	-3.14040096768298e-05	2.93669180571668e-05	12	12	0.333788636788622	0.999595934705555
AST.PWY..L.arginine.degradation.II..AST.pathway.	Timepoint	treatment	5.79995843162858e-08	1.67339524322241e-07	12	6	0.964991055567183	0.999595934705555
BIOTIN.BIOSYNTHESIS.PWY..biotin.biosynthesis.I	Timepoint	treatment	1.27330636399221e-07	2.16795728450518e-06	12	9	0.964514088056747	0.999595934705555
BRANCHED.CHAIN.AA.SYN.PWY..superpathway.of.branched.amino.acid.biosynthesis	Timepoint	treatment	-9.13599950898783e-06	2.6962957509764e-05	12	12	0.748500242072636	0.999595934705555
CALVIN.PWY..Calvin.Benson.Bassham.cycle	Timepoint	treatment	3.58547001309192e-06	3.44200762795004e-05	12	12	0.921085457086177	0.999595934705555
CENTFERM.PWY..pyruvate.fermentation.to.butanoate	Timepoint	treatment	-7.88334099305601e-07	1.79079078188993e-06	12	7	0.759786567110234	0.999595934705555
CITRULBIO.PWY..L.citrulline.biosynthesis	Timepoint	treatment	1.69566596137564e-05	7.78066618458833e-06	12	11	0.0295163019002928	0.999595934705555
COA.PWY.1..coenzyme.A.biosynthesis.II..mammalian.	Timepoint	treatment	-2.22831652190841e-05	3.82970952505937e-05	12	12	0.585913653149244	0.999595934705555
COA.PWY..coenzyme.A.biosynthesis.I	Timepoint	treatment	1.27944875506425e-05	3.03689772636062e-05	12	12	0.691033009694623	0.999595934705555
COBALSYN.PWY..adenosylcobalamin.salvage.from.cobinamide.I	Timepoint	treatment	-9.34235143292911e-06	3.60516511349952e-05	12	12	0.805859405880979	0.999595934705555
COLANSYN.PWY..colanic.acid.building.blocks.biosynthesis	Timepoint	treatment	1.25966586389647e-05	6.62821997783385e-06	12	11	0.0584174750834048	0.999595934705555
COMPLETE.ARO.PWY..superpathway.of.aromatic.amino.acid.biosynthesis	Timepoint	treatment	-7.87349698349093e-06	4.18050888638902e-05	12	12	0.858016923015779	0.999595934705555
CRNFORCAT.PWY..creatinine.degradation.I	Timepoint	treatment	6.12499813762015e-06	3.59144125234833e-06	12	6	0.379611026176537	0.999595934705555
DAPLYSINESYN.PWY..L.lysine.biosynthesis.I	Timepoint	treatment	-2.54261484605447e-05	2.07748901651627e-05	12	12	0.275515821694987	0.999595934705555
DTDPRHAMSYN.PWY..dTDP.L.rhamnose.biosynthesis.I	Timepoint	treatment	1.14006769389029e-05	3.38192610959262e-05	12	12	0.749727046178575	0.999595934705555
ECASYN.PWY..enterobacterial.common.antigen.biosynthesis	Timepoint	treatment	-2.98000478860918e-07	2.13364184059873e-07	12	6	0.911307298449824	0.999595934705555
ENTBACSYN.PWY..enterobactin.biosynthesis	Timepoint	treatment	1.34832871705317e-06	1.59183232889475e-06	12	6	0.613153255871527	0.999595934705555
FAO.PWY..fatty.acid..beta..oxidation.I	Timepoint	treatment	1.37816637327669e-05	1.32599573678423e-05	12	12	0.346269583797166	0.999595934705555
FASYN.ELONG.PWY..fatty.acid.elongation....saturated	Timepoint	treatment	-9.9168951724453e-08	2.09124030941697e-06	12	9	0.971473578458379	0.999595934705555
FASYN.INITIAL.PWY..superpathway.of.fatty.acid.biosynthesis.initiation..E..coli.	Timepoint	treatment	-9.39668377921889e-07	9.29849365792853e-07	12	9	0.667385190240104	0.999595934705555
FERMENTATION.PWY..mixed.acid.fermentation	Timepoint	treatment	4.32499829103749e-06	7.62371072920146e-06	12	11	0.57055917763024	0.999595934705555
FOLSYN.PWY..superpathway.of.tetrahydrofolate.biosynthesis.and.salvage	Timepoint	treatment	1.24016588770431e-05	1.19100216370148e-05	12	12	0.345453536098653	0.999595934705555
FUC.RHAMCAT.PWY..superpathway.of.fucose.and.rhamnose.degradation	Timepoint	treatment	2.73499554956242e-06	4.68666408974063e-06	12	10	0.801028144588578	0.999595934705555
FUCCAT.PWY..fucose.degradation	Timepoint	treatment	-1.72500454954318e-06	6.1518060424472e-06	12	12	0.780056565399164	0.999595934705555
GALACT.GLUCUROCAT.PWY..superpathway.of.hexuronide.and.hexuronate.degradation	Timepoint	treatment	-3.18025077478041e-05	4.17119299144334e-05	12	12	0.480203828150747	0.999595934705555
GALACTARDEG.PWY..D.galactarate.degradation.I	Timepoint	treatment	-2.93016628470252e-07	3.40295323093478e-07	12	8	0.87309021869659	0.999595934705555
GALACTUROCAT.PWY..D.galacturonate.degradation.I	Timepoint	treatment	-3.8724174226125e-05	4.70001986966478e-05	12	12	0.447492369279316	0.999595934705555
GLCMANNANAUT.PWY..superpathway.of.N.acetylglucosamine..N.acetylmannosamine.and.N.acetylneuraminate.degradation	Timepoint	treatment	-3.82928476255275e-05	3.65834913073069e-05	12	12	0.343165445724569	0.999595934705555
GLUCARDEG.PWY..D.glucarate.degradation.I	Timepoint	treatment	-4.22133238261362e-07	4.7431927260574e-07	12	8	0.818846686026029	0.999595934705555
GLUCARGALACTSUPER.PWY..superpathway.of.D.glucarate.and.D.galactarate.degradation	Timepoint	treatment	-2.93016628470252e-07	3.40295323093478e-07	12	8	0.87309021869659	0.999595934705555
GLUCONEO.PWY..gluconeogenesis.I	Timepoint	treatment	4.36166374505617e-06	4.14317405057485e-06	12	11	0.525417433720754	0.999595934705555
GLUCOSE1PMETAB.PWY..glucose.and.glucose.1.phosphate.degradation	Timepoint	treatment	-7.95046426213843e-08	1.12893852353904e-06	12	8	0.964025862572614	0.999595934705555
GLUCUROCAT.PWY..superpathway.of..beta..D.glucuronide.and.D.glucuronate.degradation	Timepoint	treatment	-4.10486679235772e-05	4.272484087372e-05	12	12	0.380793853016057	0.999595934705555
GLUDEG.I.PWY..GABA.shunt	Timepoint	treatment	2.56249932121732e-06	1.50927548280035e-06	12	12	0.446968580187054	0.999595934705555
GLUTORN.PWY..L.ornithine.biosynthesis	Timepoint	treatment	-1.17564954185471e-05	1.12846183818355e-05	12	12	0.345227472931398	0.999595934705555
GLYCOCAT.PWY..glycogen.degradation.I..bacterial.	Timepoint	treatment	-1.07475187419223e-05	1.92880304310932e-05	12	11	0.601404402453988	0.999595934705555
GLYCOGENSYNTH.PWY..glycogen.biosynthesis.I..from.ADP.D.Glucose.	Timepoint	treatment	1.39099945471813e-05	6.27895376552196e-05	12	12	0.833440349719954	0.999595934705555
GLYCOL.GLYOXDEG.PWY..superpathway.of.glycol.metabolism.and.degradation	Timepoint	treatment	9.10865660696081e-07	6.04598713949519e-07	12	7	0.709648119627916	0.999595934705555
GLYCOLYSIS.E.D..superpathway.of.glycolysis.and.Entner.Doudoroff	Timepoint	treatment	1.23749926051516e-05	5.11396687992868e-06	12	12	0.0491133186967181	0.999595934705555
GLYCOLYSIS.TCA.GLYOX.BYPASS..superpathway.of.glycolysis..pyruvate.dehydrogenase..TCA..and.glyoxylate.bypass	Timepoint	treatment	8.12829394084391e-07	1.09950187682997e-06	12	8	0.698467833764998	0.999595934705555
GLYCOLYSIS..glycolysis.I..from.glucose.6.phosphate.	Timepoint	treatment	4.69883289878195e-05	3.60403155792735e-05	12	12	0.221525281007441	0.999595934705555
GLYOXYLATE.BYPASS..glyoxylate.cycle	Timepoint	treatment	-1.53336435927883e-07	1.5974760274168e-07	12	8	0.946959835486697	0.999595934705555
GOLPDLCAT.PWY..superpathway.of.glycerol.degradation.to.1.3.propanediol	Timepoint	treatment	-1.23326733552662e-05	1.84019369296382e-05	12	12	0.532443869960987	0.999595934705555
HCAMHPDEG.PWY..3.phenylpropanoate.and.3..3.hydroxyphenyl.propanoate.degradation.to.2.oxopent.4.enoate	Timepoint	treatment	-3.88333164408407e-07	3.88333164408407e-07	12	1	0.843086574794463	0.999595934705555
HEME.BIOSYNTHESIS.II..heme.biosynthesis.I..aerobic.	Timepoint	treatment	3.50499811624412e-06	2.58997702566918e-06	12	10	0.434878286224181	0.999595934705555
HEMESYN2.PWY..heme.biosynthesis.II..anaerobic.	Timepoint	treatment	2.72666445756021e-06	3.53945283693017e-06	12	12	0.605653399473789	0.999595934705555
HEXITOLDEGSUPER.PWY..superpathway.of.hexitol.degradation..bacteria.	Timepoint	treatment	2.7458162095754e-05	1.74640903967541e-05	12	12	0.176695565909797	0.999595934705555
HISDEG.PWY..L.histidine.degradation.I	Timepoint	treatment	3.44799683307062e-06	3.36994811051105e-06	12	12	0.520376761533794	0.999595934705555
HISTSYN.PWY..L.histidine.biosynthesis	Timepoint	treatment	-3.89198673418518e-06	4.44415464906699e-05	12	12	0.931943030126912	0.999595934705555
HOMOSER.METSYN.PWY..L.methionine.biosynthesis.I	Timepoint	treatment	2.52247817043109e-06	2.04201788068342e-05	12	12	0.906500531016007	0.999595934705555
ILEUSYN.PWY..L.isoleucine.biosynthesis.I..from.threonine.	Timepoint	treatment	-3.99696606669259e-05	2.25070764062514e-05	12	12	0.135915858438039	0.999595934705555
KDO.NAGLIPASYN.PWY..superpathway.of..Kdo.2.lipid.A.biosynthesis	Timepoint	treatment	1.2328417749212e-09	2.13837221281421e-07	12	7	0.998954385722267	0.999595934705555
KETOGLUCONMET.PWY..ketogluconate.metabolism	Timepoint	treatment	5.09331554219883e-07	6.39103468823545e-07	12	8	0.778568112092153	0.999595934705555
LACTOSECAT.PWY..lactose.and.galactose.degradation.I	Timepoint	treatment	-3.6384929385161e-06	1.52625551794744e-05	12	12	0.821038031531164	0.999595934705555
LIPASYN.PWY..phospholipases	Timepoint	treatment	2.816666613995e-08	2.816666613995e-08	12	1	0.99583037735091	0.999595934705555
LPSSYN.PWY..superpathway.of.lipopolysaccharide.biosynthesis	Timepoint	treatment	-2.50000067500018e-07	2.50000067500018e-07	12	1	0.90480053701951	0.999595934705555
MET.SAM.PWY..superpathway.of.S.adenosyl.L.methionine.biosynthesis	Timepoint	treatment	1.1318971137381e-05	2.2195518627473e-05	12	12	0.631781154479093	0.999595934705555
METHANOGENESIS.PWY..methanogenesis.from.H2.and.CO2	Timepoint	treatment	1.86866676710533e-05	1.86866678489947e-05	12	2	0.363217473452892	0.999595934705555
METHGLYUT.PWY..superpathway.of.methylglyoxal.degradation	Timepoint	treatment	5.29165951636594e-07	3.7955879772031e-07	12	7	0.823318386678473	0.999595934705555
METSYN.PWY..L.homoserine.and.L.methionine.biosynthesis	Timepoint	treatment	9.33830710240639e-06	2.13485771296371e-05	12	12	0.680054724822244	0.999595934705555
NAD.BIOSYNTHESIS.II..NAD.salvage.pathway.II	Timepoint	treatment	1.12886667449494e-05	1.06633239789527e-05	12	11	0.338201764212585	0.999595934705555
NADSYN.PWY..NAD.biosynthesis.II..from.tryptophan.	Timepoint	treatment	3.049999942965e-08	3.049999942965e-08	12	1	0.995273442746909	0.999595934705555
NAGLIPASYN.PWY..lipid.IVA.biosynthesis	Timepoint	treatment	9.96643017046663e-08	1.55958343784209e-06	12	9	0.963785240873004	0.999595934705555
NONMEVIPP.PWY..methylerythritol.phosphate.pathway.I	Timepoint	treatment	-8.26399347250793e-06	4.39286457474715e-05	12	12	0.85817683104577	0.999595934705555
NONOXIPENT.PWY..pentose.phosphate.pathway..non.oxidative.branch.	Timepoint	treatment	2.79628316926647e-07	4.07763685252137e-05	12	12	0.994793661862444	0.999595934705555
OANTIGEN.PWY..O.antigen.building.blocks.biosynthesis..E..coli.	Timepoint	treatment	-1.74179885506143e-05	4.02697160891231e-05	12	12	0.68337404822854	0.999595934705555
ORNARGDEG.PWY..superpathway.of.L.arginine.and.L.ornithine.degradation	Timepoint	treatment	-4.72166529776745e-07	3.68091349247147e-07	12	2	0.834834461834329	0.999595934705555
ORNDEG.PWY..superpathway.of.ornithine.degradation	Timepoint	treatment	-6.5833333600841e-07	4.34784413516067e-07	12	2	0.788815921484422	0.999595934705555
P105.PWY..TCA.cycle.IV..2.oxoglutarate.decarboxylase.	Timepoint	treatment	-1.08667057014112e-06	2.32499198439275e-06	12	7	0.735189964739691	0.999595934705555
P108.PWY..pyruvate.fermentation.to.propanoate.I	Timepoint	treatment	2.5084985365657e-06	3.29416518232775e-06	12	10	0.600276833607379	0.999595934705555
P122.PWY..heterolactic.fermentation	Timepoint	treatment	1.71549838026715e-06	2.61909565226442e-06	12	6	0.646170990683913	0.999595934705555
P124.PWY..Bifidobacterium.shunt	Timepoint	treatment	-2.32166353846199e-06	4.23705634229296e-06	12	9	0.705918535963842	0.999595934705555
P125.PWY..superpathway.of..R.R..butanediol.biosynthesis	Timepoint	treatment	5.55499682170063e-07	4.90091898901763e-07	12	5	0.78948884074326	0.999595934705555
P161.PWY..acetylene.degradation	Timepoint	treatment	1.35866470262284e-06	1.81296681705408e-06	12	12	0.63079503163832	0.999595934705555
P162.PWY..L.glutamate.degradation.V..via.hydroxyglutarate.	Timepoint	treatment	1.76333172599357e-06	1.32478538859841e-06	12	5	0.532316024086278	0.999595934705555
P164.PWY..purine.nucleobases.degradation.I..anaerobic.	Timepoint	treatment	-8.58334200501621e-07	5.50033669905984e-06	12	12	0.87817213944212	0.999595934705555
P185.PWY..formaldehyde.assimilation.III..dihydroxyacetone.cycle.	Timepoint	treatment	8.65332926009361e-06	4.54488758765439e-06	12	12	0.455247852097609	0.999595934705555
P23.PWY..reductive.TCA.cycle.I	Timepoint	treatment	-1.19750101445375e-06	1.65394858391423e-06	12	7	0.649067026609729	0.999595934705555
P4.PWY..superpathway.of.L.lysine..L.threonine.and.L.methionine.biosynthesis.I	Timepoint	treatment	-4.86316500024071e-06	2.02109358325793e-05	12	12	0.819404115975326	0.999595934705555
P441.PWY..superpathway.of.N.acetylneuraminate.degradation	Timepoint	treatment	1.43349899172274e-05	6.5907005571798e-06	12	12	0.0306026109675436	0.999595934705555
P461.PWY..hexitol.fermentation.to.lactate..formate..ethanol.and.acetate	Timepoint	treatment	-1.11603335338804e-05	2.01230151668447e-05	12	12	0.60305738777171	0.999595934705555
P562.PWY..myo.inositol.degradation.I	Timepoint	treatment	-4.54999757576129e-07	4.54999757576129e-07	12	1	0.815541915275632	0.999595934705555
PANTO.PWY..phosphopantothenate.biosynthesis.I	Timepoint	treatment	1.13029997923958e-05	4.20407242012816e-05	12	12	0.798779782156358	0.999595934705555
PANTOSYN.PWY..pantothenate.and.coenzyme.A.biosynthesis.I	Timepoint	treatment	2.22368154436361e-05	2.88956861461019e-05	12	12	0.459355642112112	0.999595934705555
PENTOSE.P.PWY..pentose.phosphate.pathway	Timepoint	treatment	7.34416206081913e-06	1.48826436429908e-05	12	12	0.642588398890409	0.999595934705555
PEPTIDOGLYCANSYN.PWY..peptidoglycan.biosynthesis.I..meso.diaminopimelate.containing.	Timepoint	treatment	-1.16488163428821e-05	4.75648327798134e-05	12	12	0.816264369365696	0.999595934705555
PHOSLIPSYN.PWY..superpathway.of.phospholipid.biosynthesis.I..bacteria.	Timepoint	treatment	1.44426512147412e-05	1.26271701914096e-05	12	11	0.304503951427476	0.999595934705555
POLYAMINSYN3.PWY..superpathway.of.polyamine.biosynthesis.II	Timepoint	treatment	-1.97216939005833e-06	5.61194483508347e-06	12	11	0.72930209819332	0.999595934705555
POLYAMSYN.PWY..superpathway.of.polyamine.biosynthesis.I	Timepoint	treatment	2.91631026693919e-06	1.64703810452553e-05	12	12	0.866407321404488	0.999595934705555
POLYISOPRENSYN.PWY..polyisoprenoid.biosynthesis..E..coli.	Timepoint	treatment	7.23332257174051e-07	5.78563856023218e-07	12	8	0.742790008861326	0.999595934705555
PPGPPMET.PWY..ppGpp.biosynthesis	Timepoint	treatment	2.41333518123533e-06	5.27616146269671e-06	12	12	0.658286975208635	0.999595934705555
PRPP.PWY..superpathway.of.histidine..purine..and.pyrimidine.biosynthesis	Timepoint	treatment	2.88621542457075e-05	1.73397880974201e-05	12	12	0.156894574753246	0.999595934705555
PWY.1042..glycolysis.IV..plant.cytosol.	Timepoint	treatment	9.74748050332801e-06	4.73099686508257e-05	12	12	0.840898178249296	0.999595934705555
PWY.1269..CMP.3.deoxy.D.manno.octulosonate.biosynthesis.I	Timepoint	treatment	9.28382463274516e-06	9.26381457069094e-06	12	12	0.31845207918799	0.999595934705555
PWY.1861..formaldehyde.assimilation.II..RuMP.Cycle.	Timepoint	treatment	2.41666439033978e-06	7.15508411434388e-06	12	9	0.735557110543088	0.999595934705555
PWY.2201..folate.transformations.I	Timepoint	treatment	3.849999928005e-07	3.849999928005e-07	12	1	0.844507333834694	0.999595934705555
PWY.241..C4.photosynthetic.carbon.assimilation.cycle..NADP.ME.type	Timepoint	treatment	-7.53000034074319e-07	9.15962272238121e-07	12	8	0.708527078892145	0.999595934705555
PWY.2723..trehalose.degradation.V	Timepoint	treatment	-1.33500833409338e-07	8.87190928839481e-07	12	7	0.931451102267882	0.999595934705555
PWY.2941..L.lysine.biosynthesis.II	Timepoint	treatment	1.4200678181941e-05	3.5150172524502e-05	12	12	0.702912500566895	0.999595934705555
PWY.2942..L.lysine.biosynthesis.III	Timepoint	treatment	3.40208403419516e-05	3.18132629844082e-05	12	12	0.333778467486586	0.999595934705555
PWY.3001..superpathway.of.L.isoleucine.biosynthesis.I	Timepoint	treatment	1.21248233244713e-05	2.04475743810695e-05	12	12	0.579002197762353	0.999595934705555
PWY.3502..superpathway.of.NAD.biosynthesis.in.eukaryotes	Timepoint	treatment	3.816666595295e-08	3.816666595295e-08	12	1	0.9932923002368	0.999595934705555
PWY.3781..aerobic.respiration.I..cytochrome.c.	Timepoint	treatment	2.38500004426817e-06	2.83026975906167e-06	12	3	0.572300374089969	0.999595934705555
PWY.3841..folate.transformations.II	Timepoint	treatment	-6.5984401118502e-07	3.34071259189988e-05	12	12	0.985005494939515	0.999595934705555
PWY.4041...gamma..glutamyl.cycle	Timepoint	treatment	1.68498534892208e-07	5.63921476386722e-07	12	7	0.901032581155394	0.999595934705555
PWY.4242..pantothenate.and.coenzyme.A.biosynthesis.III	Timepoint	treatment	3.81996543696968e-05	2.98389230172617e-05	12	12	0.229374839251482	0.999595934705555
PWY.4702..phytate.degradation.I	Timepoint	treatment	6.66733357612992e-06	6.0603171825327e-06	12	10	0.276376599289411	0.999595934705555
PWY.4981..L.proline.biosynthesis.II..from.arginine.	Timepoint	treatment	-1.68894814045594e-05	4.82969154325874e-05	12	12	0.740810690310739	0.999595934705555
PWY.4984..urea.cycle	Timepoint	treatment	1.55199934768284e-05	7.25140401035291e-06	12	11	0.0323366710528894	0.999595934705555
PWY.5005..biotin.biosynthesis.II	Timepoint	treatment	4.85999740014752e-06	7.19584153762939e-06	12	11	0.499438821989622	0.999595934705555
PWY.5022..4.aminobutanoate.degradation.V	Timepoint	treatment	2.15016584265203e-06	1.61956800521659e-06	12	8	0.493329106196446	0.999595934705555
PWY.5030..L.histidine.degradation.III	Timepoint	treatment	1.8604970908013e-06	4.48762328456244e-06	12	12	0.782271377394254	0.999595934705555
PWY.5067..glycogen.biosynthesis.II..from.UDP.D.Glucose.	Timepoint	treatment	7.383333195265e-08	7.383333195265e-08	12	1	0.981799999129217	0.999595934705555
PWY.5083..NAD.NADH.phosphorylation.and.dephosphorylation	Timepoint	treatment	2.82665414681913e-07	9.91297517154961e-07	12	7	0.867806458636124	0.999595934705555
PWY.5088..L.glutamate.degradation.VIII..to.propanoate.	Timepoint	treatment	1.30666565439278e-08	1.30666565439278e-08	12	1	0.998788463760689	0.999595934705555
PWY.5097..L.lysine.biosynthesis.VI	Timepoint	treatment	1.89453240491626e-05	3.46928987318974e-05	12	12	0.60847892041178	0.999595934705555
PWY.5100..pyruvate.fermentation.to.acetate.and.lactate.II	Timepoint	treatment	5.62361570505814e-05	5.18318392120143e-05	12	12	0.327453261088031	0.999595934705555
PWY.5101..L.isoleucine.biosynthesis.II	Timepoint	treatment	2.47816674821653e-05	2.18189129026588e-05	12	12	0.307536749917156	0.999595934705555
PWY.5103..L.isoleucine.biosynthesis.III	Timepoint	treatment	-1.15023307732253e-05	2.76132635904214e-05	12	12	0.694284911384994	0.999595934705555
PWY.5104..L.isoleucine.biosynthesis.IV	Timepoint	treatment	5.9392176539165e-05	4.7929660423405e-05	12	12	0.270281198796752	0.999595934705555
PWY.5121..superpathway.of.geranylgeranyl.diphosphate.biosynthesis.II..via.MEP.	Timepoint	treatment	2.10276656194983e-05	1.55108500159488e-05	12	12	0.233218675511709	0.999595934705555
PWY.5129..sphingolipid.biosynthesis..plants.	Timepoint	treatment	3.283333271935e-08	3.283333271935e-08	12	1	0.994694160370398	0.999595934705555
PWY.5136..fatty.acid..beta..oxidation.II..peroxisome.	Timepoint	treatment	1.12633309112064e-05	1.01337607049555e-05	12	12	0.27032907499683	0.999595934705555
PWY.5138..unsaturated..even.numbered.fatty.acid..beta..oxidation	Timepoint	treatment	-3.35300074754484e-07	2.30387516083619e-07	12	5	0.90074151309698	0.999595934705555
PWY.5154..L.arginine.biosynthesis.III..via.N.acetyl.L.citrulline.	Timepoint	treatment	-9.44513260696794e-07	4.89040706061693e-06	12	12	0.85591320273337	0.999595934705555
PWY.5173..superpathway.of.acetyl.CoA.biosynthesis	Timepoint	treatment	-3.1266706204531e-07	2.81507380226478e-07	12	8	0.885423498116663	0.999595934705555
PWY.5177..glutaryl.CoA.degradation	Timepoint	treatment	-2.47495177822932e-05	3.55728806607847e-05	12	12	0.517595517807516	0.999595934705555
PWY.5180..toluene.degradation.I..aerobic...via.o.cresol.	Timepoint	treatment	-7.48333144454048e-08	7.48333140230974e-08	12	1	0.981436583317502	0.999595934705555
PWY.5182..toluene.degradation.II..aerobic...via.4.methylcatechol.	Timepoint	treatment	-7.48333144454048e-08	7.48333140230974e-08	12	1	0.981436583317502	0.999595934705555
PWY.5188..tetrapyrrole.biosynthesis.I..from.glutamate.	Timepoint	treatment	4.18200008029197e-05	3.09198124477505e-05	12	12	0.234153593593577	0.999595934705555
PWY.5189..tetrapyrrole.biosynthesis.II..from.glycine.	Timepoint	treatment	1.50138333250513e-05	1.54594704441185e-05	12	12	0.37606562036163	0.999595934705555
PWY.5198..factor.420.biosynthesis	Timepoint	treatment	1.4465000713394e-05	1.44650007323221e-05	12	2	0.363217468455215	0.999595934705555
PWY.5265..peptidoglycan.biosynthesis.II..staphylococci.	Timepoint	treatment	-1.42166630783809e-07	1.42166630783809e-07	12	1	0.953951111540015	0.999595934705555
PWY.5304..superpathway.of.sulfur.oxidation..Acidianus.ambivalens.	Timepoint	treatment	1.2916666425125e-05	1.29166663539043e-05	12	1	0.341230624756478	0.999595934705555
PWY.5345..superpathway.of.L.methionine.biosynthesis..by.sulfhydrylation.	Timepoint	treatment	3.64499650066732e-06	2.6087815427868e-06	12	10	0.425405090195512	0.999595934705555
PWY.5347..superpathway.of.L.methionine.biosynthesis..transsulfuration.	Timepoint	treatment	3.94808308810425e-08	1.29812731176592e-05	12	12	0.997690956858821	0.999595934705555
PWY.5367..petroselinate.biosynthesis	Timepoint	treatment	-3.38226718957289e-05	4.71267711307168e-05	12	12	0.505068883361695	0.999595934705555
PWY.5384..sucrose.degradation.IV..sucrose.phosphorylase.	Timepoint	treatment	-3.58502862880657e-07	6.63232186103927e-06	12	11	0.956930836842	0.999595934705555
PWY.5415..catechol.degradation.I..meta.cleavage.pathway.	Timepoint	treatment	-2.24999943210014e-08	2.24999943210014e-08	12	1	0.997081575699016	0.999595934705555
PWY.5464..superpathway.of.cytosolic.glycolysis..plants...pyruvate.dehydrogenase.and.TCA.cycle	Timepoint	treatment	-8.70001985658985e-07	1.29626133355347e-06	12	8	0.695957711004562	0.999595934705555
PWY.5484..glycolysis.II..from.fructose.6.phosphate.	Timepoint	treatment	3.61313289568573e-05	2.60275653504916e-05	12	12	0.195224378534907	0.999595934705555
PWY.5505..L.glutamate.and.L.glutamine.biosynthesis	Timepoint	treatment	-4.22166352012146e-07	1.91082430492342e-06	12	9	0.871347548527982	0.999595934705555
PWY.561..superpathway.of.glyoxylate.cycle.and.fatty.acid.degradation	Timepoint	treatment	-1.1253359097715e-06	1.42221003402474e-06	12	7	0.645305826899006	0.999595934705555
PWY.5651..L.tryptophan.degradation.to.2.amino.3.carboxymuconate.semialdehyde	Timepoint	treatment	1.916666630825e-08	1.916666630825e-08	12	1	0.997743351211564	0.999595934705555
PWY.5656..mannosylglycerate.biosynthesis.I	Timepoint	treatment	-1.16466631009809e-07	9.39534827069422e-08	12	6	0.972399200335543	0.999595934705555
PWY.5659..GDP.mannose.biosynthesis	Timepoint	treatment	3.01721502083425e-05	2.27664472436016e-05	12	12	0.214555828796332	0.999595934705555
PWY.5667..CDP.diacylglycerol.biosynthesis.I	Timepoint	treatment	-2.42670623770254e-07	5.76026349040565e-05	12	12	0.996801567658102	0.999595934705555
PWY.5675..nitrate.reduction.V..assimilatory.	Timepoint	treatment	-6.00333382763807e-07	4.53290424183254e-07	12	2	0.791276281020634	0.999595934705555
PWY.5676..acetyl.CoA.fermentation.to.butanoate.II	Timepoint	treatment	-2.06672081767752e-07	6.32878688997205e-06	12	9	0.974010928823752	0.999595934705555
PWY.5686..UMP.biosynthesis	Timepoint	treatment	-2.10924996395685e-05	3.96688127338811e-05	12	12	0.606532731701042	0.999595934705555
PWY.5690..TCA.cycle.II..plants.and.fungi.	Timepoint	treatment	-7.38151049263157e-06	1.37649146179386e-05	12	12	0.614771088259976	0.999595934705555
PWY.5692..allantoin.degradation.to.glyoxylate.II	Timepoint	treatment	1.36499309129166e-07	2.03536394555321e-07	12	7	0.937764988846833	0.999595934705555
PWY.5695..urate.biosynthesis.inosine.5.phosphate.degradation	Timepoint	treatment	2.32453058717421e-05	2.63236142755554e-05	12	12	0.417633314734825	0.999595934705555
PWY.5705..allantoin.degradation.to.glyoxylate.III	Timepoint	treatment	7.79993199129561e-08	1.12350843390266e-07	12	8	0.970780459356709	0.999595934705555
PWY.5723..Rubisco.shunt	Timepoint	treatment	5.99997000593094e-07	1.72065515016817e-06	12	6	0.80672258643987	0.999595934705555
PWY.5747..2.methylcitrate.cycle.II	Timepoint	treatment	1.18166584285241e-07	1.24469531789992e-07	12	4	0.962300118047677	0.999595934705555
PWY.5791..1.4.dihydroxy.2.naphthoate.biosynthesis.II..plants.	Timepoint	treatment	1.25099780306466e-06	3.07001818682252e-06	12	10	0.763277847562781	0.999595934705555
PWY.5837..1.4.dihydroxy.2.naphthoate.biosynthesis.I	Timepoint	treatment	1.25099780306466e-06	3.07001818682252e-06	12	10	0.763277847562781	0.999595934705555
PWY.5838..superpathway.of.menaquinol.8.biosynthesis.I	Timepoint	treatment	3.50332987031409e-06	2.68369283043454e-06	12	7	0.444161438520536	0.999595934705555
PWY.5840..superpathway.of.menaquinol.7.biosynthesis	Timepoint	treatment	-1.38837348657984e-07	6.82814492258067e-06	12	10	0.983784019494217	0.999595934705555
PWY.5845..superpathway.of.menaquinol.9.biosynthesis	Timepoint	treatment	2.56999649129528e-06	2.99259538853065e-06	12	7	0.568508006377522	0.999595934705555
PWY.5850..superpathway.of.menaquinol.6.biosynthesis.I	Timepoint	treatment	2.56999649129528e-06	2.99259538853065e-06	12	7	0.568508006377522	0.999595934705555
PWY.5855..ubiquinol.7.biosynthesis..prokaryotic.	Timepoint	treatment	1.29999259897346e-07	5.23321660070781e-07	12	6	0.91993458231308	0.999595934705555
PWY.5856..ubiquinol.9.biosynthesis..prokaryotic.	Timepoint	treatment	1.29999259897346e-07	5.23321660070781e-07	12	6	0.91993458231308	0.999595934705555
PWY.5857..ubiquinol.10.biosynthesis..prokaryotic.	Timepoint	treatment	1.29999259897346e-07	5.23321660070781e-07	12	6	0.91993458231308	0.999595934705555
PWY.5860..superpathway.of.demethylmenaquinol.6.biosynthesis.I	Timepoint	treatment	9.93330515019115e-07	1.68765429237957e-06	12	7	0.698501952768225	0.999595934705555
PWY.5861..superpathway.of.demethylmenaquinol.8.biosynthesis	Timepoint	treatment	1.61499723111792e-06	1.4318398899397e-06	12	7	0.556651398873358	0.999595934705555
PWY.5862..superpathway.of.demethylmenaquinol.9.biosynthesis	Timepoint	treatment	9.93330515019115e-07	1.68765429237957e-06	12	7	0.698501952768225	0.999595934705555
PWY.5863..superpathway.of.phylloquinol.biosynthesis	Timepoint	treatment	5.14331832168085e-07	2.80271381029326e-06	12	10	0.888420429086854	0.999595934705555
PWY.5896..superpathway.of.menaquinol.10.biosynthesis	Timepoint	treatment	2.56999649129528e-06	2.99259538853065e-06	12	7	0.568508006377522	0.999595934705555
PWY.5897..superpathway.of.menaquinol.11.biosynthesis	Timepoint	treatment	3.03899586737602e-06	7.62286182818149e-06	12	10	0.690173825518283	0.999595934705555
PWY.5898..superpathway.of.menaquinol.12.biosynthesis	Timepoint	treatment	3.03899586737602e-06	7.62286182818149e-06	12	10	0.690173825518283	0.999595934705555
PWY.5899..superpathway.of.menaquinol.13.biosynthesis	Timepoint	treatment	3.03899586737602e-06	7.62286182818149e-06	12	10	0.690173825518283	0.999595934705555
PWY.5910..superpathway.of.geranylgeranyldiphosphate.biosynthesis.I..via.mevalonate.	Timepoint	treatment	-4.18166779244132e-07	1.37229224525025e-06	12	7	0.839976145661608	0.999595934705555
PWY.5913..TCA.cycle.VI..obligate.autotrophs.	Timepoint	treatment	3.2383334368941e-06	4.40822510004833e-06	12	10	0.54539255928886	0.999595934705555
PWY.5918..superpathay.of.heme.biosynthesis.from.glutamate	Timepoint	treatment	6.61332957307505e-06	4.98440618897979e-06	12	10	0.242088456230265	0.999595934705555
PWY.5920..superpathway.of.heme.biosynthesis.from.glycine	Timepoint	treatment	3.41416479438014e-06	2.52189258574352e-06	12	4	0.435911877298196	0.999595934705555
PWY.5941..glycogen.degradation.II..eukaryotic.	Timepoint	treatment	-1.30374974853387e-05	3.83217342446427e-06	12	11	0.233745686460987	0.999595934705555
PWY.5971..palmitate.biosynthesis.II..bacteria.and.plants.	Timepoint	treatment	9.78306964220302e-08	2.59861080113354e-06	12	9	0.97688228423679	0.999595934705555
PWY.5973..cis.vaccenate.biosynthesis	Timepoint	treatment	-5.43046664775784e-05	5.51218883331771e-05	12	12	0.369779652013315	0.999595934705555
PWY.5989..stearate.biosynthesis.II..bacteria.and.plants.	Timepoint	treatment	4.68409798430572e-05	2.27000671366799e-05	12	12	0.0660019589110402	0.999595934705555
PWY.6113..superpathway.of.mycolate.biosynthesis	Timepoint	treatment	-1.26002815639907e-07	2.57597079544056e-06	12	9	0.96998563134175	0.999595934705555
PWY.6121..5.aminoimidazole.ribonucleotide.biosynthesis.I	Timepoint	treatment	1.46661689207712e-05	2.97958174626384e-05	12	12	0.633188615143166	0.999595934705555
PWY.6122..5.aminoimidazole.ribonucleotide.biosynthesis.II	Timepoint	treatment	1.09605100345412e-05	3.67521507773487e-05	12	12	0.771633888929744	0.999595934705555
PWY.6123..inosine.5.phosphate.biosynthesis.I	Timepoint	treatment	-1.13726675408113e-05	1.84265482373424e-05	12	12	0.564128274829376	0.999595934705555
PWY.6124..inosine.5.phosphate.biosynthesis.II	Timepoint	treatment	-1.02595005057289e-05	2.08732474966287e-05	12	12	0.643877525856267	0.999595934705555
PWY.6125..superpathway.of.guanosine.nucleotides.de.novo.biosynthesis.II	Timepoint	treatment	3.54361535952705e-05	1.33254090010569e-05	12	12	0.0449220865133366	0.999595934705555
PWY.6126..superpathway.of.adenosine.nucleotides.de.novo.biosynthesis.II	Timepoint	treatment	1.89688287278465e-05	2.31243697480128e-05	12	12	0.449370732926209	0.999595934705555
PWY.6138..CMP.N.acetylneuraminate.biosynthesis.I..eukaryotes.	Timepoint	treatment	2.69333325917178e-07	2.69333325519538e-07	12	2	0.895918741688925	0.999595934705555
PWY.6147..6.hydroxymethyl.dihydropterin.diphosphate.biosynthesis.I	Timepoint	treatment	-3.01746322985307e-05	4.55429507116247e-05	12	12	0.536931740155655	0.999595934705555
PWY.6151..S.adenosyl.L.methionine.cycle.I	Timepoint	treatment	-6.04618105975732e-05	5.35573903457391e-05	12	12	0.31016715051598	0.999595934705555
PWY.6163..chorismate.biosynthesis.from.3.dehydroquinate	Timepoint	treatment	7.71783214266753e-06	4.88340695315855e-05	12	12	0.880608248581376	0.999595934705555
PWY.6167..flavin.biosynthesis.II..archaea.	Timepoint	treatment	1.99006680440439e-05	1.99006681481014e-05	12	2	0.363217470534599	0.999595934705555
PWY.6168..flavin.biosynthesis.III..fungi.	Timepoint	treatment	6.54809816387253e-05	2.67692793609465e-05	12	12	0.0344857355607232	0.999595934705555
PWY.6174..mevalonate.pathway.II..archaea.	Timepoint	treatment	-6.86666493352044e-07	6.86666492387303e-07	12	1	0.733682316005176	0.999595934705555
PWY.621..sucrose.degradation.III..sucrose.invertase.	Timepoint	treatment	-5.70440274705958e-05	3.79566464268593e-05	12	12	0.193189423162816	0.999595934705555
PWY.622..starch.biosynthesis	Timepoint	treatment	-1.93333385533347e-07	1.93333385533347e-07	12	1	0.930903877652589	0.999595934705555
PWY.6263..superpathway.of.menaquinol.8.biosynthesis.II	Timepoint	treatment	5.59998192907486e-07	3.56013708043462e-07	12	3	0.827637118173091	0.999595934705555
PWY.6270..isoprene.biosynthesis.I	Timepoint	treatment	3.55301567286889e-05	3.01645743191324e-05	12	12	0.291849438322004	0.999595934705555
PWY.6277..superpathway.of.5.aminoimidazole.ribonucleotide.biosynthesis	Timepoint	treatment	1.09605100345412e-05	3.67521507773487e-05	12	12	0.771633888929744	0.999595934705555
PWY.6282..palmitoleate.biosynthesis.I..from..5Z..dodec.5.enoate.	Timepoint	treatment	-1.26835871452962e-07	2.31904867862226e-06	12	9	0.966700208440652	0.999595934705555
PWY.6284..superpathway.of.unsaturated.fatty.acids.biosynthesis..E..coli.	Timepoint	treatment	-8.76695423565265e-08	2.64441654436193e-06	12	9	0.979626104161636	0.999595934705555
PWY.6285..superpathway.of.fatty.acids.biosynthesis..E..coli.	Timepoint	treatment	3.98329890518208e-07	2.41285391785651e-06	12	4	0.90002328641965	0.999595934705555
PWY.6305..putrescine.biosynthesis.IV	Timepoint	treatment	7.736655477622e-06	1.04703568818859e-05	12	12	0.493166420002121	0.999595934705555
PWY.6309..L.tryptophan.degradation.XI..mammalian..via.kynurenine.	Timepoint	treatment	7.8334425203737e-09	1.02988714931868e-07	12	4	0.993046804074008	0.999595934705555
PWY.6317..galactose.degradation.I..Leloir.pathway.	Timepoint	treatment	-1.22240042300787e-05	4.18334377519481e-05	12	12	0.781865264125607	0.999595934705555
PWY.6318..L.phenylalanine.degradation.IV..mammalian..via.side.chain.	Timepoint	treatment	-4.61666258553694e-07	4.61666255984016e-07	12	1	0.812883650999184	0.999595934705555
PWY.6353..purine.nucleotides.degradation.II..aerobic.	Timepoint	treatment	4.98765246954428e-06	1.00457627520337e-05	12	12	0.621100612059328	0.999595934705555
PWY.6385..peptidoglycan.biosynthesis.III..mycobacteria.	Timepoint	treatment	4.91449674866144e-05	4.883529451198e-05	12	12	0.337980861910566	0.999595934705555
PWY.6386..UDP.N.acetylmuramoyl.pentapeptide.biosynthesis.II..lysine.containing.	Timepoint	treatment	-2.03153171094499e-05	4.50935988643582e-05	12	12	0.671202475925201	0.999595934705555
PWY.6387..UDP.N.acetylmuramoyl.pentapeptide.biosynthesis.I..meso.diaminopimelate.containing.	Timepoint	treatment	-1.59948210822039e-05	4.40029775206017e-05	12	12	0.73109890351775	0.999595934705555
PWY.6471..peptidoglycan.biosynthesis.IV..Enterococcus.faecium.	Timepoint	treatment	1.25616611739507e-05	1.05014128223731e-05	12	7	0.259215017766651	0.999595934705555
PWY.6507..4.deoxy.L.threo.hex.4.enopyranuronate.degradation	Timepoint	treatment	-3.92945119114711e-05	5.27124064765006e-05	12	12	0.489537208131765	0.999595934705555
PWY.6519..8.amino.7.oxononanoate.biosynthesis.I	Timepoint	treatment	1.10831153555849e-07	1.77392263221459e-06	12	9	0.963509302735168	0.999595934705555
PWY.6527..stachyose.degradation	Timepoint	treatment	3.99718019638881e-05	3.83796121036083e-05	12	12	0.34536674011093	0.999595934705555
PWY.6531..mannitol.cycle	Timepoint	treatment	5.80999770845658e-06	3.70572890202666e-06	12	8	0.404463903147219	0.999595934705555
PWY.6545..pyrimidine.deoxyribonucleotides.de.novo.biosynthesis.III	Timepoint	treatment	2.57073220392669e-05	1.07249554254084e-05	12	12	0.0618526134980145	0.999595934705555
PWY.6549..L.glutamine.biosynthesis.III	Timepoint	treatment	2.44000086627792e-06	4.68011825029883e-06	12	10	0.794418845439302	0.999595934705555
PWY.6588..pyruvate.fermentation.to.acetone	Timepoint	treatment	1.79136684211889e-05	1.12872517851276e-05	12	12	0.173358386728766	0.999595934705555
PWY.6590..superpathway.of.Clostridium.acetobutylicum.acidogenic.fermentation	Timepoint	treatment	-9.70000970022031e-07	2.25383176765697e-06	12	7	0.754557029526192	0.999595934705555
PWY.6595..superpathway.of.guanosine.nucleotides.degradation..plants.	Timepoint	treatment	5.09999820724705e-06	1.55687673665265e-05	12	10	0.756501308065162	0.999595934705555
PWY.6606..guanosine.nucleotides.degradation.II	Timepoint	treatment	2.26382640481856e-06	1.40437714191062e-05	12	12	0.878248480232366	0.999595934705555
PWY.6608..guanosine.nucleotides.degradation.III	Timepoint	treatment	1.3018986273915e-05	9.55594387882779e-06	12	12	0.176425394202711	0.999595934705555
PWY.6609..adenine.and.adenosine.salvage.III	Timepoint	treatment	-3.83276741730646e-05	2.3389537155167e-05	12	12	0.162208009031233	0.999595934705555
PWY.6612..superpathway.of.tetrahydrofolate.biosynthesis	Timepoint	treatment	9.02832788629116e-06	8.77773152424779e-06	12	12	0.305171370854002	0.999595934705555
PWY.6628..superpathway.of.L.phenylalanine.biosynthesis	Timepoint	treatment	-5.60833881693606e-06	5.92999803908852e-06	12	10	0.350323308361549	0.999595934705555
PWY.6629..superpathway.of.L.tryptophan.biosynthesis	Timepoint	treatment	-2.15000116066931e-06	4.691983743231e-06	12	7	0.837200421813305	0.999595934705555
PWY.6630..superpathway.of.L.tyrosine.biosynthesis	Timepoint	treatment	1.1166603718191e-06	1.56884662669868e-06	12	9	0.659132957415124	0.999595934705555
PWY.6690..cinnamate.and.3.hydroxycinnamate.degradation.to.2.oxopent.4.enoate	Timepoint	treatment	-3.88333164408407e-07	3.88333164408407e-07	12	1	0.843086574794463	0.999595934705555
PWY.6700..queuosine.biosynthesis	Timepoint	treatment	6.31013791060174e-06	3.2472431251969e-05	12	12	0.853571632782441	0.999595934705555
PWY.6703..preQ0.biosynthesis	Timepoint	treatment	4.35249925693113e-05	1.94127961661671e-05	12	12	0.075018801865159	0.999595934705555
PWY.6708..ubiquinol.8.biosynthesis..prokaryotic.	Timepoint	treatment	1.29999259897346e-07	5.23321660070781e-07	12	6	0.91993458231308	0.999595934705555
PWY.6731..starch.degradation.III	Timepoint	treatment	2.93498677339366e-07	3.58016870677786e-07	12	5	0.869182468937289	0.999595934705555
PWY.6737..starch.degradation.V	Timepoint	treatment	1.76681588280851e-05	5.92373000650111e-05	12	12	0.777501108968487	0.999595934705555
PWY.6803..phosphatidylcholine.acyl.editing	Timepoint	treatment	-2.74834411300713e-07	3.28462767895227e-07	12	7	0.879573413997645	0.999595934705555
PWY.6823..molybdenum.cofactor.biosynthesis	Timepoint	treatment	-3.13666697986754e-07	3.98776628695258e-07	12	6	0.856799703530509	0.999595934705555
PWY.6859..all.trans.farnesol.biosynthesis	Timepoint	treatment	1.10173329778286e-05	9.96359096083087e-06	12	8	0.272463793858209	0.999595934705555
PWY.6891..thiazole.biosynthesis.II..Bacillus.	Timepoint	treatment	2.16998432153366e-07	6.61955412621545e-07	12	7	0.880656631531348	0.999595934705555
PWY.6892..thiazole.biosynthesis.I..E..coli.	Timepoint	treatment	8.5999740420532e-07	1.28435378193713e-06	12	9	0.697655669169231	0.999595934705555
PWY.6895..superpathway.of.thiamin.diphosphate.biosynthesis.II	Timepoint	treatment	7.69949462827555e-06	5.24831654801897e-06	12	7	0.178575932614245	0.999595934705555
PWY.6897..thiamin.salvage.II	Timepoint	treatment	4.23346484743581e-05	2.7292894170195e-05	12	12	0.181569366579556	0.999595934705555
PWY.6901..superpathway.of.glucose.and.xylose.degradation	Timepoint	treatment	1.45749906260279e-05	7.23635709003188e-06	12	12	0.0440027642728014	0.999595934705555
PWY.6936..seleno.amino.acid.biosynthesis	Timepoint	treatment	-2.60081780055713e-06	2.43784530579308e-05	12	12	0.919187114877708	0.999595934705555
PWY.6969..TCA.cycle.V..2.oxoglutarate.ferredoxin.oxidoreductase.	Timepoint	treatment	-6.65501317651305e-06	1.20172494262271e-05	12	12	0.60357611608298	0.999595934705555
PWY.7003..glycerol.degradation.to.butanol	Timepoint	treatment	1.05383296920152e-05	6.15948884945429e-06	12	12	0.091773252500071	0.999595934705555
PWY.7013..L.1.2.propanediol.degradation	Timepoint	treatment	-1.73383271529188e-06	2.03462551815651e-06	12	3	0.584960680111915	0.999595934705555
PWY.7039..phosphatidate.metabolism..as.a.signaling.molecule	Timepoint	treatment	7.33333101640173e-08	4.79394568237754e-08	12	2	0.989377616194269	0.999595934705555
PWY.7111..pyruvate.fermentation.to.isobutanol..engineered.	Timepoint	treatment	-3.99696606669259e-05	2.25070764062514e-05	12	12	0.135915858438039	0.999595934705555
PWY.7115..C4.photosynthetic.carbon.assimilation.cycle..NAD.ME.type	Timepoint	treatment	-4.9833340569648e-07	2.00793248972647e-06	12	10	0.854893199045606	0.999595934705555
PWY.7117..C4.photosynthetic.carbon.assimilation.cycle..PEPCK.type	Timepoint	treatment	2.35333447732853e-06	5.75691383847519e-06	12	10	0.686159769375102	0.999595934705555
PWY.7118..chitin.degradation.to.ethanol	Timepoint	treatment	4.183333255105e-08	4.183333255105e-08	12	1	0.992270666108035	0.999595934705555
PWY.7184..pyrimidine.deoxyribonucleotides.de.novo.biosynthesis.I	Timepoint	treatment	2.73994891087499e-05	1.13090187096978e-05	12	12	0.0599101372656416	0.999595934705555
PWY.7187..pyrimidine.deoxyribonucleotides.de.novo.biosynthesis.II	Timepoint	treatment	2.20323359632929e-05	1.26477487524881e-05	12	12	0.141979161415453	0.999595934705555
PWY.7196..superpathway.of.pyrimidine.ribonucleosides.salvage	Timepoint	treatment	2.67143163334099e-05	1.09273441010201e-05	12	12	0.0583138173164273	0.999595934705555
PWY.7197..pyrimidine.deoxyribonucleotide.phosphorylation	Timepoint	treatment	2.70751569395721e-05	1.20526029035235e-05	12	12	0.0746115831390902	0.999595934705555
PWY.7198..pyrimidine.deoxyribonucleotides.de.novo.biosynthesis.IV	Timepoint	treatment	-1.9011746117614e-06	8.66858297026659e-06	12	10	0.826639491809978	0.999595934705555
PWY.7199..pyrimidine.deoxyribonucleosides.salvage	Timepoint	treatment	6.80182540643005e-06	1.59911819405248e-05	12	12	0.688268311250697	0.999595934705555
PWY.7204..pyridoxal.5.phosphate.salvage.II..plants.	Timepoint	treatment	6.79233066524973e-06	3.59854061096702e-06	12	7	0.354233813765523	0.999595934705555
PWY.7208..superpathway.of.pyrimidine.nucleobases.salvage	Timepoint	treatment	-3.24485600325408e-06	5.33136532757926e-05	12	12	0.953825813967943	0.999595934705555
PWY.7209..superpathway.of.pyrimidine.ribonucleosides.degradation	Timepoint	treatment	6.74332778838743e-07	1.2569494692271e-05	12	10	0.959292876650019	0.999595934705555
PWY.7210..pyrimidine.deoxyribonucleotides.biosynthesis.from.CTP	Timepoint	treatment	-1.14334226353078e-06	8.87300325866767e-06	12	10	0.897640801904764	0.999595934705555
PWY.7211..superpathway.of.pyrimidine.deoxyribonucleotides.de.novo.biosynthesis	Timepoint	treatment	2.128615598516e-05	1.80632347569782e-05	12	12	0.29165014631866	0.999595934705555
PWY.7219..adenosine.ribonucleotides.de.novo.biosynthesis	Timepoint	treatment	-3.86468131426619e-05	4.83308509101592e-05	12	12	0.460209656688026	0.999595934705555
PWY.7220..adenosine.deoxyribonucleotides.de.novo.biosynthesis.II	Timepoint	treatment	8.91149818112151e-06	1.16595532837974e-05	12	12	0.479180194485646	0.999595934705555
PWY.7221..guanosine.ribonucleotides.de.novo.biosynthesis	Timepoint	treatment	6.05716814456308e-06	4.51147449222186e-05	12	12	0.89843286853808	0.999595934705555
PWY.7222..guanosine.deoxyribonucleotides.de.novo.biosynthesis.II	Timepoint	treatment	8.91149818112151e-06	1.16595532837974e-05	12	12	0.479180194485646	0.999595934705555
PWY.7228..superpathway.of.guanosine.nucleotides.de.novo.biosynthesis.I	Timepoint	treatment	3.92653185432375e-05	1.55273363978187e-05	12	12	0.052607747441655	0.999595934705555
PWY.7229..superpathway.of.adenosine.nucleotides.de.novo.biosynthesis.I	Timepoint	treatment	2.92239918547531e-05	2.47464353805638e-05	12	12	0.290736791334878	0.999595934705555
PWY.7234..inosine.5.phosphate.biosynthesis.III	Timepoint	treatment	-3.15683099685527e-05	2.62569806531035e-05	12	12	0.283081057058374	0.999595934705555
PWY.7235..superpathway.of.ubiquinol.6.biosynthesis..eukaryotic.	Timepoint	treatment	4.58333244416684e-07	4.58333244416684e-07	12	1	0.814209908860876	0.999595934705555
PWY.7237..myo...chiro..and.scillo.inositol.degradation	Timepoint	treatment	-1.03005160726607e-05	3.10294302079218e-05	12	12	0.753383268430147	0.999595934705555
PWY.7242..D.fructuronate.degradation	Timepoint	treatment	-5.86591677921898e-05	5.13302731066098e-05	12	12	0.304880914058152	0.999595934705555
PWY.7245..superpathway.NAD.NADP...NADH.NADPH.interconversion..yeast.	Timepoint	treatment	4.26666658688e-08	4.26666658688e-08	12	1	0.9920323374393	0.999595934705555
PWY.724..superpathway.of.L.lysine..L.threonine.and.L.methionine.biosynthesis.II	Timepoint	treatment	1.00748883120026e-06	2.60221414342111e-05	12	12	0.970614648606303	0.999595934705555
PWY.7254..TCA.cycle.VII..acetate.producers.	Timepoint	treatment	-5.67501614216997e-07	7.11581566214823e-07	12	9	0.759286719746384	0.999595934705555
PWY.7268..NAD.NADP.NADH.NADPH.cytosolic.interconversion..yeast.	Timepoint	treatment	3.333333271e-08	3.33333319575591e-08	12	1	0.994567236154657	0.999595934705555
PWY.7269..NAD.NADP.NADH.NADPH.mitochondrial.interconversion..yeast.	Timepoint	treatment	-8.99334586688455e-07	6.67552961302936e-07	12	8	0.698718909991829	0.999595934705555
PWY.7279..aerobic.respiration.II..cytochrome.c...yeast.	Timepoint	treatment	3.16666593862816e-07	5.95263728632414e-07	12	2	0.838695252722674	0.999595934705555
PWY.7282..4.amino.2.methyl.5.phosphomethylpyrimidine.biosynthesis..yeast.	Timepoint	treatment	7.21041513522294e-05	2.8324724353842e-05	12	12	0.029081267548159	0.999595934705555
PWY.7283..wybutosine.biosynthesis	Timepoint	treatment	1.4049999737265e-08	1.4049999737265e-08	12	1	0.99863594914646	0.999595934705555
PWY.7286..7..3.amino.3.carboxypropyl..wyosine.biosynthesis	Timepoint	treatment	1.56948341615455e-05	1.56079959580558e-05	12	3	0.360779800303951	0.999595934705555
PWY.7288..fatty.acid..beta..oxidation..peroxisome..yeast.	Timepoint	treatment	5.73333322612e-08	5.73333322612e-08	12	1	0.987508137984085	0.999595934705555
PWY.7315..dTDP.N.acetylthomosamine.biosynthesis	Timepoint	treatment	1.15049722018679e-06	1.5492158469894e-06	12	8	0.650007083482906	0.999595934705555
PWY.7323..superpathway.of.GDP.mannose.derived.O.antigen.building.blocks.biosynthesis	Timepoint	treatment	8.49832766180724e-06	4.81433113729e-06	12	11	0.160005738391297	0.999595934705555
PWY.7328..superpathway.of.UDP.glucose.derived.O.antigen.building.blocks.biosynthesis	Timepoint	treatment	9.39990153502554e-08	1.12294924894513e-06	12	8	0.957376198124207	0.999595934705555
PWY.7357..thiamin.formation.from.pyrithiamine.and.oxythiamine..yeast.	Timepoint	treatment	-7.00420221312347e-06	4.2436199178918e-05	12	12	0.875368220602484	0.999595934705555
PWY.7371..1.4.dihydroxy.6.naphthoate.biosynthesis.II	Timepoint	treatment	-6.56400451787386e-06	7.39845753868549e-06	12	4	0.374972840390164	0.999595934705555
PWY.7384..anaerobic.energy.metabolism..invertebrates..mitochondrial.	Timepoint	treatment	1.46649909728842e-06	1.2250326099319e-06	12	3	0.573387390049248	0.999595934705555
PWY.7385..1.3.propanediol.biosynthesis..engineered.	Timepoint	treatment	9.449999823285e-08	9.449999823285e-08	12	1	0.97395653606966	0.999595934705555
PWY.7388..octanoyl..acyl.carrier.protein..biosynthesis..mitochondria..yeast.	Timepoint	treatment	-8.68801606096502e-07	8.6865782885476e-07	12	9	0.683668802662259	0.999595934705555
PWY.7389..superpathway.of.anaerobic.energy.metabolism..invertebrates.	Timepoint	treatment	2.2449986352111e-06	1.84273894731694e-06	12	3	0.495669275489655	0.999595934705555
PWY.7391..isoprene.biosynthesis.II..engineered.	Timepoint	treatment	-5.91666485391047e-07	7.41044501863956e-07	12	2	0.751816549018725	0.999595934705555
PWY.7392..taxadiene.biosynthesis..engineered.	Timepoint	treatment	2.07666537187757e-06	1.54689508782288e-06	12	8	0.498869779311019	0.999595934705555
PWY.7399..methylphosphonate.degradation.II	Timepoint	treatment	-1.56666616592651e-07	7.95691366647426e-07	12	5	0.916057539970366	0.999595934705555
PWY.7400..L.arginine.biosynthesis.IV..archaebacteria.	Timepoint	treatment	-2.7645824634484e-05	2.41362160173192e-05	12	12	0.303887274609406	0.999595934705555
PWY.7409..phospholipid.remodeling..phosphatidylethanolamine..yeast.	Timepoint	treatment	1.03332551650501e-07	3.05794963986694e-07	12	6	0.934578287586366	0.999595934705555
PWY.7411..superpathway.of.phosphatidate.biosynthesis..yeast.	Timepoint	treatment	3.516666600905e-08	3.516666600905e-08	12	1	0.994093706634932	0.999595934705555
PWY.7446..sulfoglycolysis	Timepoint	treatment	-5.96166508734754e-07	4.88268793714073e-07	12	3	0.783020829509481	0.999595934705555
PWY.7456..mannan.degradation	Timepoint	treatment	1.81323253299297e-05	2.11949108343222e-05	12	10	0.4313511705507	0.999595934705555
PWY.7546..diphthamide.biosynthesis..eukaryotes.	Timepoint	treatment	6.73333320742e-09	6.73333320742e-09	12	1	0.999595934705555	0.999595934705555
PWY.7560..methylerythritol.phosphate.pathway.II	Timepoint	treatment	3.45304909164151e-05	2.8878823513664e-05	12	12	0.285421587015927	0.999595934705555
PWY.7663..gondoate.biosynthesis..anaerobic.	Timepoint	treatment	3.04946507670659e-05	3.77340116735175e-05	12	12	0.437807959004888	0.999595934705555
PWY.7664..oleate.biosynthesis.IV..anaerobic.	Timepoint	treatment	-2.29835464141415e-07	1.78683886595385e-06	12	9	0.925146339232528	0.999595934705555
PWY.821..superpathway.of.sulfur.amino.acid.biosynthesis..Saccharomyces.cerevisiae.	Timepoint	treatment	3.42299854948175e-06	2.09451986416577e-06	12	8	0.399822433216535	0.999595934705555
PWY.841..superpathway.of.purine.nucleotides.de.novo.biosynthesis.I	Timepoint	treatment	4.53444814844948e-05	1.67818561367943e-05	12	12	0.0426822364062573	0.999595934705555
PWY.922..mevalonate.pathway.I	Timepoint	treatment	-4.60833395591503e-07	1.23992261513252e-06	12	7	0.815411119110367	0.999595934705555
PWY0.1061..superpathway.of.L.alanine.biosynthesis	Timepoint	treatment	-8.38336068784738e-07	2.17192876203793e-06	12	12	0.778363121245922	0.999595934705555
PWY0.1241..ADP.L.glycero..beta..D.manno.heptose.biosynthesis	Timepoint	treatment	-3.94167549981928e-07	3.95619446319003e-07	12	9	0.840271431934199	0.999595934705555
PWY0.1261..anhydromuropeptides.recycling	Timepoint	treatment	5.1016526035019e-06	1.34118267087055e-05	12	11	0.719283600636328	0.999595934705555
PWY0.1277..3.phenylpropanoate.and.3..3.hydroxyphenyl.propanoate.degradation	Timepoint	treatment	-6.8999969985013e-07	6.89999684241727e-07	12	1	0.732660011578137	0.999595934705555
PWY0.1296..purine.ribonucleosides.degradation	Timepoint	treatment	-3.13419899326289e-05	5.01633644168163e-05	12	12	0.559505538595447	0.999595934705555
PWY0.1297..superpathway.of.purine.deoxyribonucleosides.degradation	Timepoint	treatment	4.99215763813195e-06	1.0592767326498e-05	12	12	0.657287308821576	0.999595934705555
PWY0.1298..superpathway.of.pyrimidine.deoxyribonucleosides.degradation	Timepoint	treatment	5.33333728758617e-06	1.18349611562394e-05	12	12	0.671116143520939	0.999595934705555
PWY0.1319..CDP.diacylglycerol.biosynthesis.II	Timepoint	treatment	-2.81003948202421e-07	5.76260535819258e-05	12	12	0.996297838748992	0.999595934705555
PWY0.1338..polymyxin.resistance	Timepoint	treatment	-2.70400086582293e-07	2.60233789254126e-07	12	7	0.898488255780299	0.999595934705555
PWY0.1415..superpathway.of.heme.biosynthesis.from.uroporphyrinogen.III	Timepoint	treatment	1.30666499858903e-06	1.34715250503015e-06	12	6	0.60429080210009	0.999595934705555
PWY0.1479..tRNA.processing	Timepoint	treatment	1.1436656678459e-06	1.34028050781415e-06	12	6	0.635804715412003	0.999595934705555
PWY0.1533..methylphosphonate.degradation.I	Timepoint	treatment	2.75166372830577e-07	2.84944221484511e-07	12	6	0.890454959425709	0.999595934705555
PWY0.1586..peptidoglycan.maturation..meso.diaminopimelate.containing.	Timepoint	treatment	3.00803196904987e-05	2.5128101195634e-05	12	12	0.284930670660626	0.999595934705555
PWY0.162..superpathway.of.pyrimidine.ribonucleotides.de.novo.biosynthesis	Timepoint	treatment	5.61131520214923e-05	2.55573222558347e-05	12	12	0.0795354411951987	0.999595934705555
PWY0.166..superpathway.of.pyrimidine.deoxyribonucleotides.de.novo.biosynthesis..E..coli.	Timepoint	treatment	3.71268200598228e-05	1.52501472720536e-05	12	12	0.0590507285951854	0.999595934705555
PWY0.321..phenylacetate.degradation.I..aerobic.	Timepoint	treatment	-3.60166526561732e-07	3.32764075567902e-07	12	2	0.862560354913233	0.999595934705555
PWY0.41..allantoin.degradation.IV..anaerobic.	Timepoint	treatment	3.09333129170981e-07	4.86102882377234e-07	12	6	0.846697042932701	0.999595934705555
PWY0.42..2.methylcitrate.cycle.I	Timepoint	treatment	1.36499902841934e-07	1.43613627930883e-07	12	4	0.954162589769805	0.999595934705555
PWY0.781..aspartate.superpathway	Timepoint	treatment	1.26166843598077e-06	2.07462969197905e-05	12	12	0.953863203857422	0.999595934705555
PWY0.845..superpathway.of.pyridoxal.5.phosphate.biosynthesis.and.salvage	Timepoint	treatment	3.64409925217389e-05	1.43903908216654e-05	12	12	0.0297526247349647	0.999595934705555
PWY0.862...5Z..dodec.5.enoate.biosynthesis	Timepoint	treatment	-3.14785348392439e-07	1.58111968369683e-06	12	10	0.888484005953344	0.999595934705555
PWY3O.19..ubiquinol.6.biosynthesis.from.4.hydroxybenzoate..eukaryotic.	Timepoint	treatment	1.316666642045e-07	1.31666661232358e-07	12	1	0.958524766185852	0.999595934705555
PWY3O.355..stearate.biosynthesis.III..fungi.	Timepoint	treatment	1.329999975129e-07	1.329999975129e-07	12	1	0.957948153601071	0.999595934705555
PWY490.3..nitrate.reduction.VI..assimilatory.	Timepoint	treatment	8.4499952842015e-07	8.75870966115824e-07	12	8	0.688322183843474	0.999595934705555
PWY4FS.7..phosphatidylglycerol.biosynthesis.I..plastidic.	Timepoint	treatment	9.73665653595987e-06	8.27817543827761e-06	12	11	0.240388795910032	0.999595934705555
PWY4FS.8..phosphatidylglycerol.biosynthesis.II..non.plastidic.	Timepoint	treatment	9.73665653595987e-06	8.27817543827761e-06	12	11	0.240388795910032	0.999595934705555
PWY4LZ.257..superpathway.of.fermentation..Chlamydomonas.reinhardtii.	Timepoint	treatment	1.75233114691794e-06	2.25249747428006e-06	12	12	0.603767446088229	0.999595934705555
PWY66.375..leukotriene.biosynthesis	Timepoint	treatment	3.46666660184e-08	3.46666660184e-08	12	1	0.994224102411706	0.999595934705555
PWY66.388..fatty.acid..alpha..oxidation.III	Timepoint	treatment	9.49999982235e-09	9.49999974467712e-09	12	1	0.999283172852066	0.999595934705555
PWY66.389..phytol.degradation	Timepoint	treatment	1.37166673722297e-07	1.83023141097832e-07	12	2	0.942692816720382	0.999595934705555
PWY66.391..fatty.acid..beta..oxidation.VI..peroxisome.	Timepoint	treatment	1.089999979617e-07	1.089999979617e-07	12	1	0.96810304926752	0.999595934705555
PWY66.398..TCA.cycle.III..animals.	Timepoint	treatment	3.95449954419974e-06	2.26610450828406e-06	12	9	0.374149737980995	0.999595934705555
PWY66.399..gluconeogenesis.III	Timepoint	treatment	1.65999935178699e-05	7.43972810320743e-06	12	12	0.025681707232794	0.999595934705555
PWY66.400..glycolysis.VI..metazoan.	Timepoint	treatment	-2.34705200819622e-05	3.13993019014869e-05	12	12	0.48841219299223	0.999595934705555
PWY66.409..superpathway.of.purine.nucleotide.salvage	Timepoint	treatment	2.13281525376266e-05	1.40186361208888e-05	12	12	0.188641175112641	0.999595934705555
PWY66.422..D.galactose.degradation.V..Leloir.pathway.	Timepoint	treatment	-1.22240042300787e-05	4.18334377519481e-05	12	12	0.781865264125607	0.999595934705555
PWYG.321..mycolate.biosynthesis	Timepoint	treatment	-4.64168869729398e-07	1.69951741781321e-06	12	9	0.846386804807629	0.999595934705555
PYRIDNUCSAL.PWY..NAD.salvage.pathway.I	Timepoint	treatment	-8.70384294714499e-06	2.30644191391622e-05	12	11	0.721385313393227	0.999595934705555
PYRIDNUCSYN.PWY..NAD.biosynthesis.I..from.aspartate.	Timepoint	treatment	2.72916476994619e-05	1.82771412521559e-05	12	12	0.195601251277548	0.999595934705555
PYRIDOXSYN.PWY..pyridoxal.5.phosphate.biosynthesis.I	Timepoint	treatment	2.4084994146303e-05	1.00489109389506e-05	12	12	0.0192154568565488	0.999595934705555
REDCITCYC..TCA.cycle.VIII..helicobacter.	Timepoint	treatment	-2.83300273779836e-06	2.15572264502044e-06	12	10	0.455821277940814	0.999595934705555
RHAMCAT.PWY..L.rhamnose.degradation.I	Timepoint	treatment	4.38498702488327e-06	2.16731183901299e-05	12	12	0.843720519164188	0.999595934705555
RIBOSYN2.PWY..flavin.biosynthesis.I..bacteria.and.plants.	Timepoint	treatment	4.30251611662794e-05	2.40283362135036e-05	12	10	0.133361766434096	0.999595934705555
RUMP.PWY..formaldehyde.oxidation.I	Timepoint	treatment	1.8878327141967e-06	2.00257190096324e-06	12	6	0.557741611923167	0.999595934705555
SALVADEHYPOX.PWY..adenosine.nucleotides.degradation.II	Timepoint	treatment	1.30378212335643e-05	1.08005812264324e-05	12	12	0.281363952670857	0.999595934705555
SER.GLYSYN.PWY..superpathway.of.L.serine.and.glycine.biosynthesis.I	Timepoint	treatment	1.82018087311205e-05	3.59117021876569e-05	12	12	0.633815894504927	0.999595934705555
SO4ASSIM.PWY..sulfate.reduction.I..assimilatory.	Timepoint	treatment	7.30132710591221e-06	5.29355452707807e-06	12	10	0.200162674812145	0.999595934705555
SPHINGOLIPID.SYN.PWY..sphingolipid.biosynthesis..yeast.	Timepoint	treatment	3.03333327661e-08	3.03333327661e-08	12	1	0.995313979555436	0.999595934705555
SULFATE.CYS.PWY..superpathway.of.sulfate.assimilation.and.cysteine.biosynthesis	Timepoint	treatment	1.06814900024009e-05	8.61004142052113e-06	12	10	0.216198298001074	0.999595934705555
TCA.GLYOX.BYPASS..superpathway.of.glyoxylate.bypass.and.TCA	Timepoint	treatment	-9.2416917674356e-07	1.7573084958479e-06	12	8	0.721855063934062	0.999595934705555
TCA..TCA.cycle.I..prokaryotic.	Timepoint	treatment	-5.10234829076901e-06	1.75122791209369e-05	12	12	0.782477436784004	0.999595934705555
TEICHOICACID.PWY..teichoic.acid..poly.glycerol..biosynthesis	Timepoint	treatment	-2.51666734616685e-07	2.51666733196452e-07	12	1	0.904033229145637	0.999595934705555
THISYN.PWY..superpathway.of.thiamin.diphosphate.biosynthesis.I	Timepoint	treatment	1.29249918339505e-05	8.17464410791044e-06	12	9	0.114667140806084	0.999595934705555
THISYNARA.PWY..superpathway.of.thiamin.diphosphate.biosynthesis.III..eukaryotes.	Timepoint	treatment	1.97281362943765e-05	3.1248424096121e-05	12	12	0.555555572837575	0.999595934705555
THRESYN.PWY..superpathway.of.L.threonine.biosynthesis	Timepoint	treatment	1.51013218988154e-05	2.07260970230304e-05	12	12	0.498918288933365	0.999595934705555
TRIGLSYN.PWY..diacylglycerol.and.triacylglycerol.biosynthesis	Timepoint	treatment	2.383333288765e-08	2.383333288765e-08	12	1	0.996800853262328	0.999595934705555
TRNA.CHARGING.PWY..tRNA.charging	Timepoint	treatment	3.02209836737773e-05	2.34060043380193e-05	12	12	0.253115783341961	0.999595934705555
TRPSYN.PWY..L.tryptophan.biosynthesis	Timepoint	treatment	1.17556317414566e-05	2.67733593880709e-05	12	12	0.678929956409276	0.999595934705555
UBISYN.PWY..superpathway.of.ubiquinol.8.biosynthesis..prokaryotic.	Timepoint	treatment	-2.50005663215869e-08	3.81398034823294e-07	12	6	0.981790357538975	0.999595934705555
UDPNAGSYN.PWY..UDP.N.acetyl.D.glucosamine.biosynthesis.I	Timepoint	treatment	-2.11988242392003e-05	3.94040490736914e-05	12	12	0.613660795913292	0.999595934705555
URDEGR.PWY..superpathway.of.allantoin.degradation.in.plants	Timepoint	treatment	1.36499309129166e-07	2.03536394555321e-07	12	7	0.937764988846833	0.999595934705555
VALSYN.PWY..L.valine.biosynthesis	Timepoint	treatment	-3.99696606669259e-05	2.25070764062514e-05	12	12	0.135915858438039	0.999595934705555
